Id,DSP,Score
0,DSP1,68.70181818181817
1,DSP2,71.90538461538462
2,DSP3,68.28781249999997
