,DSP1,DSP2,DSP3,n1,n2,n3
0,68.70181818181817,71.90538461538462,68.28781249999997,11,13,32
